[{"model": "admin.logentry", "pk": 105, "fields": {"action_time": "2022-10-27T10:47:34.361Z", "user": 19, "content_type": 10, "object_id": "51", "object_repr": "CartItem object (51)", "action_flag": 3, "change_message": ""}}, {"model": "admin.logentry", "pk": 106, "fields": {"action_time": "2022-10-27T10:47:34.373Z", "user": 19, "content_type": 10, "object_id": "47", "object_repr": "CartItem object (47)", "action_flag": 3, "change_message": ""}}, {"model": "admin.logentry", "pk": 107, "fields": {"action_time": "2022-10-27T10:47:34.381Z", "user": 19, "content_type": 10, "object_id": "44", "object_repr": "CartItem object (44)", "action_flag": 3, "change_message": ""}}, {"model": "admin.logentry", "pk": 108, "fields": {"action_time": "2022-10-27T10:47:56.543Z", "user": 19, "content_type": 9, "object_id": "17", "object_repr": "wctpvx04fr2dpww7g6huu1ypn37q7wh1", "action_flag": 3, "change_message": ""}}, {"model": "admin.logentry", "pk": 109, "fields": {"action_time": "2022-10-27T10:47:56.555Z", "user": 19, "content_type": 9, "object_id": "16", "object_repr": "c9xxucbse993xmgcuw6zkwsrxt1724zt", "action_flag": 3, "change_message": ""}}, {"model": "admin.logentry", "pk": 110, "fields": {"action_time": "2022-10-27T10:47:56.564Z", "user": 19, "content_type": 9, "object_id": "15", "object_repr": "orxsa7xameupvekprorqwxgmzl0dx4p8", "action_flag": 3, "change_message": ""}}, {"model": "admin.logentry", "pk": 111, "fields": {"action_time": "2022-10-27T10:47:56.573Z", "user": 19, "content_type": 9, "object_id": "14", "object_repr": "itv4c9qx5hupu2xdto7xeiwo7s8bn302", "action_flag": 3, "change_message": ""}}, {"model": "admin.logentry", "pk": 112, "fields": {"action_time": "2022-10-27T10:47:56.581Z", "user": 19, "content_type": 9, "object_id": "13", "object_repr": "v4wm6p2h60z5yqb3hy5sr6bolnjlauxn", "action_flag": 3, "change_message": ""}}, {"model": "admin.logentry", "pk": 113, "fields": {"action_time": "2022-10-27T10:47:56.588Z", "user": 19, "content_type": 9, "object_id": "12", "object_repr": "t42xewpwyecoyqyskqctoeudhwn7nllm", "action_flag": 3, "change_message": ""}}, {"model": "admin.logentry", "pk": 114, "fields": {"action_time": "2022-10-27T10:47:56.593Z", "user": 19, "content_type": 9, "object_id": "11", "object_repr": "2bqmlc1db3y4jwzzffhw1anirg8uj8oe", "action_flag": 3, "change_message": ""}}, {"model": "admin.logentry", "pk": 115, "fields": {"action_time": "2022-10-27T10:47:56.598Z", "user": 19, "content_type": 9, "object_id": "10", "object_repr": "gsamw8jdpqt291b3iwp0j0ozvy9gsf18", "action_flag": 3, "change_message": ""}}, {"model": "admin.logentry", "pk": 116, "fields": {"action_time": "2022-10-27T10:47:56.604Z", "user": 19, "content_type": 9, "object_id": "9", "object_repr": "8g4du0qeeh4s1i7l8wn1hx1x4n4jfci1", "action_flag": 3, "change_message": ""}}, {"model": "admin.logentry", "pk": 117, "fields": {"action_time": "2022-10-27T10:47:56.610Z", "user": 19, "content_type": 9, "object_id": "8", "object_repr": "hzwk1yzmi4glqgvbm2kz7irw1vdh0ozg", "action_flag": 3, "change_message": ""}}, {"model": "admin.logentry", "pk": 118, "fields": {"action_time": "2022-10-27T10:47:56.616Z", "user": 19, "content_type": 9, "object_id": "7", "object_repr": "0f3gdl88tecn2bg51p069wkztiwar7ac", "action_flag": 3, "change_message": ""}}, {"model": "admin.logentry", "pk": 119, "fields": {"action_time": "2022-10-27T10:47:56.621Z", "user": 19, "content_type": 9, "object_id": "6", "object_repr": "qz5wm0sdc7s8p89lvomzewr6nnmhtypl", "action_flag": 3, "change_message": ""}}, {"model": "admin.logentry", "pk": 120, "fields": {"action_time": "2022-10-27T10:47:56.626Z", "user": 19, "content_type": 9, "object_id": "5", "object_repr": "avummkd3965iebn50h3rg65yh73d8koq", "action_flag": 3, "change_message": ""}}, {"model": "admin.logentry", "pk": 121, "fields": {"action_time": "2022-10-27T10:47:56.632Z", "user": 19, "content_type": 9, "object_id": "4", "object_repr": "32gsoguyag1cz3qswus71e1jz38lpt6y", "action_flag": 3, "change_message": ""}}, {"model": "admin.logentry", "pk": 122, "fields": {"action_time": "2022-10-27T10:47:56.638Z", "user": 19, "content_type": 9, "object_id": "3", "object_repr": "bhu97fymysl4b4e19ws3exoykmjejsa9", "action_flag": 3, "change_message": ""}}, {"model": "admin.logentry", "pk": 123, "fields": {"action_time": "2022-10-27T10:47:56.643Z", "user": 19, "content_type": 9, "object_id": "2", "object_repr": "43fram4olw0iq7l735b0s2y0339te3c8", "action_flag": 3, "change_message": ""}}, {"model": "admin.logentry", "pk": 124, "fields": {"action_time": "2022-10-27T10:47:56.649Z", "user": 19, "content_type": 9, "object_id": "1", "object_repr": "0rg7jian69hdno11phckxbo19bj5pv8a", "action_flag": 3, "change_message": ""}}, {"model": "admin.logentry", "pk": 125, "fields": {"action_time": "2022-10-27T10:48:29.483Z", "user": 19, "content_type": 14, "object_id": "30", "object_repr": "kishore", "action_flag": 3, "change_message": ""}}, {"model": "admin.logentry", "pk": 126, "fields": {"action_time": "2022-10-27T10:48:29.494Z", "user": 19, "content_type": 14, "object_id": "28", "object_repr": "kishore", "action_flag": 3, "change_message": ""}}, {"model": "admin.logentry", "pk": 127, "fields": {"action_time": "2022-10-27T10:48:29.501Z", "user": 19, "content_type": 14, "object_id": "27", "object_repr": "kishore", "action_flag": 3, "change_message": ""}}, {"model": "admin.logentry", "pk": 128, "fields": {"action_time": "2022-10-27T10:48:29.509Z", "user": 19, "content_type": 14, "object_id": "26", "object_repr": "hima", "action_flag": 3, "change_message": ""}}, {"model": "admin.logentry", "pk": 129, "fields": {"action_time": "2022-10-27T10:48:29.516Z", "user": 19, "content_type": 14, "object_id": "25", "object_repr": "hima", "action_flag": 3, "change_message": ""}}, {"model": "admin.logentry", "pk": 130, "fields": {"action_time": "2022-10-27T11:00:45.046Z", "user": 19, "content_type": 7, "object_id": "20", "object_repr": "himabindujana1996@gmail.com", "action_flag": 3, "change_message": ""}}, {"model": "admin.logentry", "pk": 131, "fields": {"action_time": "2022-10-27T11:03:08.666Z", "user": 19, "content_type": 7, "object_id": "21", "object_repr": "himabindujana1996@gmail.com", "action_flag": 3, "change_message": ""}}, {"model": "admin.logentry", "pk": 132, "fields": {"action_time": "2022-10-27T11:04:23.489Z", "user": 19, "content_type": 7, "object_id": "22", "object_repr": "himabindujana1996@gmail.com", "action_flag": 3, "change_message": ""}}, {"model": "admin.logentry", "pk": 133, "fields": {"action_time": "2022-10-27T12:56:49.287Z", "user": 19, "content_type": 8, "object_id": "8", "object_repr": "Wrangler Shirt", "action_flag": 2, "change_message": "[{\"changed\": {\"fields\": [\"Images\"]}}]"}}, {"model": "admin.logentry", "pk": 134, "fields": {"action_time": "2022-10-27T12:56:58.620Z", "user": 19, "content_type": 8, "object_id": "8", "object_repr": "Wrangler Shirt", "action_flag": 2, "change_message": "[{\"added\": {\"name\": \"productgallery\", \"object\": \"Wrangler Shirt\"}}]"}}, {"model": "admin.logentry", "pk": 135, "fields": {"action_time": "2022-10-27T12:57:14.021Z", "user": 19, "content_type": 19, "object_id": "1", "object_repr": "Wrangler Shirt", "action_flag": 2, "change_message": "[{\"changed\": {\"fields\": [\"Image\"]}}]"}}, {"model": "admin.logentry", "pk": 136, "fields": {"action_time": "2022-10-27T12:57:24.964Z", "user": 19, "content_type": 19, "object_id": "2", "object_repr": "Wrangler Shirt", "action_flag": 1, "change_message": "[{\"added\": {}}]"}}, {"model": "admin.logentry", "pk": 137, "fields": {"action_time": "2022-10-27T12:57:31.534Z", "user": 19, "content_type": 19, "object_id": "2", "object_repr": "Wrangler Shirt", "action_flag": 3, "change_message": ""}}, {"model": "admin.logentry", "pk": 138, "fields": {"action_time": "2022-10-27T12:57:42.944Z", "user": 19, "content_type": 8, "object_id": "8", "object_repr": "Wrangler Shirt", "action_flag": 2, "change_message": "[{\"added\": {\"name\": \"productgallery\", \"object\": \"Wrangler Shirt\"}}]"}}, {"model": "admin.logentry", "pk": 139, "fields": {"action_time": "2022-10-27T12:57:59.887Z", "user": 19, "content_type": 8, "object_id": "8", "object_repr": "Wrangler Shirt", "action_flag": 3, "change_message": ""}}, {"model": "admin.logentry", "pk": 140, "fields": {"action_time": "2022-10-27T12:58:13.638Z", "user": 19, "content_type": 8, "object_id": "1", "object_repr": "ATX-Jeans", "action_flag": 2, "change_message": "[{\"added\": {\"name\": \"productgallery\", \"object\": \"ATX-Jeans\"}}]"}}, {"model": "admin.logentry", "pk": 141, "fields": {"action_time": "2022-10-27T12:58:19.372Z", "user": 19, "content_type": 8, "object_id": "1", "object_repr": "ATX-Jeans", "action_flag": 2, "change_message": "[{\"added\": {\"name\": \"productgallery\", \"object\": \"ATX-Jeans\"}}]"}}, {"model": "admin.logentry", "pk": 142, "fields": {"action_time": "2022-10-27T12:58:25.369Z", "user": 19, "content_type": 8, "object_id": "1", "object_repr": "ATX-Jeans", "action_flag": 2, "change_message": "[{\"added\": {\"name\": \"productgallery\", \"object\": \"ATX-Jeans\"}}]"}}, {"model": "admin.logentry", "pk": 143, "fields": {"action_time": "2022-10-27T12:58:31.785Z", "user": 19, "content_type": 8, "object_id": "1", "object_repr": "ATX-Jeans", "action_flag": 2, "change_message": "[{\"added\": {\"name\": \"productgallery\", \"object\": \"ATX-Jeans\"}}]"}}, {"model": "admin.logentry", "pk": 144, "fields": {"action_time": "2022-10-27T12:58:41.430Z", "user": 19, "content_type": 8, "object_id": "1", "object_repr": "ATX-Jeans", "action_flag": 2, "change_message": "[{\"added\": {\"name\": \"productgallery\", \"object\": \"ATX-Jeans\"}}]"}}, {"model": "admin.logentry", "pk": 145, "fields": {"action_time": "2022-10-27T13:08:59.426Z", "user": 19, "content_type": 7, "object_id": "23", "object_repr": "himabindujana1996@gmail.com", "action_flag": 2, "change_message": "[{\"changed\": {\"fields\": [\"Is superadmin\"]}}]"}}, {"model": "admin.logentry", "pk": 146, "fields": {"action_time": "2022-10-27T13:09:39.586Z", "user": 19, "content_type": 7, "object_id": "23", "object_repr": "himabindujana1996@gmail.com", "action_flag": 2, "change_message": "[]"}}, {"model": "admin.logentry", "pk": 147, "fields": {"action_time": "2022-10-27T13:09:51.352Z", "user": 19, "content_type": 7, "object_id": "23", "object_repr": "himabindujana1996@gmail.com", "action_flag": 2, "change_message": "[{\"changed\": {\"fields\": [\"Is admin\", \"Is staff\"]}}]"}}, {"model": "admin.logentry", "pk": 148, "fields": {"action_time": "2022-10-27T13:10:26.179Z", "user": 23, "content_type": 7, "object_id": "23", "object_repr": "himabindujana1996@gmail.com", "action_flag": 2, "change_message": "[{\"changed\": {\"fields\": [\"Is admin\", \"Is staff\", \"Is superadmin\"]}}]"}}, {"model": "admin.logentry", "pk": 149, "fields": {"action_time": "2022-10-27T14:28:52.101Z", "user": 19, "content_type": 8, "object_id": "4", "object_repr": "Jordan Flight Basketball Shoes", "action_flag": 2, "change_message": "[{\"changed\": {\"fields\": [\"Product name\", \"Slug\"]}}]"}}, {"model": "auth.permission", "pk": 1, "fields": {"name": "Can add log entry", "content_type": 1, "codename": "add_logentry"}}, {"model": "auth.permission", "pk": 2, "fields": {"name": "Can change log entry", "content_type": 1, "codename": "change_logentry"}}, {"model": "auth.permission", "pk": 3, "fields": {"name": "Can delete log entry", "content_type": 1, "codename": "delete_logentry"}}, {"model": "auth.permission", "pk": 4, "fields": {"name": "Can view log entry", "content_type": 1, "codename": "view_logentry"}}, {"model": "auth.permission", "pk": 5, "fields": {"name": "Can add permission", "content_type": 2, "codename": "add_permission"}}, {"model": "auth.permission", "pk": 6, "fields": {"name": "Can change permission", "content_type": 2, "codename": "change_permission"}}, {"model": "auth.permission", "pk": 7, "fields": {"name": "Can delete permission", "content_type": 2, "codename": "delete_permission"}}, {"model": "auth.permission", "pk": 8, "fields": {"name": "Can view permission", "content_type": 2, "codename": "view_permission"}}, {"model": "auth.permission", "pk": 9, "fields": {"name": "Can add group", "content_type": 3, "codename": "add_group"}}, {"model": "auth.permission", "pk": 10, "fields": {"name": "Can change group", "content_type": 3, "codename": "change_group"}}, {"model": "auth.permission", "pk": 11, "fields": {"name": "Can delete group", "content_type": 3, "codename": "delete_group"}}, {"model": "auth.permission", "pk": 12, "fields": {"name": "Can view group", "content_type": 3, "codename": "view_group"}}, {"model": "auth.permission", "pk": 13, "fields": {"name": "Can add content type", "content_type": 4, "codename": "add_contenttype"}}, {"model": "auth.permission", "pk": 14, "fields": {"name": "Can change content type", "content_type": 4, "codename": "change_contenttype"}}, {"model": "auth.permission", "pk": 15, "fields": {"name": "Can delete content type", "content_type": 4, "codename": "delete_contenttype"}}, {"model": "auth.permission", "pk": 16, "fields": {"name": "Can view content type", "content_type": 4, "codename": "view_contenttype"}}, {"model": "auth.permission", "pk": 17, "fields": {"name": "Can add session", "content_type": 5, "codename": "add_session"}}, {"model": "auth.permission", "pk": 18, "fields": {"name": "Can change session", "content_type": 5, "codename": "change_session"}}, {"model": "auth.permission", "pk": 19, "fields": {"name": "Can delete session", "content_type": 5, "codename": "delete_session"}}, {"model": "auth.permission", "pk": 20, "fields": {"name": "Can view session", "content_type": 5, "codename": "view_session"}}, {"model": "auth.permission", "pk": 21, "fields": {"name": "Can add category", "content_type": 6, "codename": "add_category"}}, {"model": "auth.permission", "pk": 22, "fields": {"name": "Can change category", "content_type": 6, "codename": "change_category"}}, {"model": "auth.permission", "pk": 23, "fields": {"name": "Can delete category", "content_type": 6, "codename": "delete_category"}}, {"model": "auth.permission", "pk": 24, "fields": {"name": "Can view category", "content_type": 6, "codename": "view_category"}}, {"model": "auth.permission", "pk": 25, "fields": {"name": "Can add account", "content_type": 7, "codename": "add_account"}}, {"model": "auth.permission", "pk": 26, "fields": {"name": "Can change account", "content_type": 7, "codename": "change_account"}}, {"model": "auth.permission", "pk": 27, "fields": {"name": "Can delete account", "content_type": 7, "codename": "delete_account"}}, {"model": "auth.permission", "pk": 28, "fields": {"name": "Can view account", "content_type": 7, "codename": "view_account"}}, {"model": "auth.permission", "pk": 29, "fields": {"name": "Can add product", "content_type": 8, "codename": "add_product"}}, {"model": "auth.permission", "pk": 30, "fields": {"name": "Can change product", "content_type": 8, "codename": "change_product"}}, {"model": "auth.permission", "pk": 31, "fields": {"name": "Can delete product", "content_type": 8, "codename": "delete_product"}}, {"model": "auth.permission", "pk": 32, "fields": {"name": "Can view product", "content_type": 8, "codename": "view_product"}}, {"model": "auth.permission", "pk": 33, "fields": {"name": "Can add cart", "content_type": 9, "codename": "add_cart"}}, {"model": "auth.permission", "pk": 34, "fields": {"name": "Can change cart", "content_type": 9, "codename": "change_cart"}}, {"model": "auth.permission", "pk": 35, "fields": {"name": "Can delete cart", "content_type": 9, "codename": "delete_cart"}}, {"model": "auth.permission", "pk": 36, "fields": {"name": "Can view cart", "content_type": 9, "codename": "view_cart"}}, {"model": "auth.permission", "pk": 37, "fields": {"name": "Can add cart item", "content_type": 10, "codename": "add_cartitem"}}, {"model": "auth.permission", "pk": 38, "fields": {"name": "Can change cart item", "content_type": 10, "codename": "change_cartitem"}}, {"model": "auth.permission", "pk": 39, "fields": {"name": "Can delete cart item", "content_type": 10, "codename": "delete_cartitem"}}, {"model": "auth.permission", "pk": 40, "fields": {"name": "Can view cart item", "content_type": 10, "codename": "view_cartitem"}}, {"model": "auth.permission", "pk": 41, "fields": {"name": "Can add variation", "content_type": 11, "codename": "add_variation"}}, {"model": "auth.permission", "pk": 42, "fields": {"name": "Can change variation", "content_type": 11, "codename": "change_variation"}}, {"model": "auth.permission", "pk": 43, "fields": {"name": "Can delete variation", "content_type": 11, "codename": "delete_variation"}}, {"model": "auth.permission", "pk": 44, "fields": {"name": "Can view variation", "content_type": 11, "codename": "view_variation"}}, {"model": "auth.permission", "pk": 45, "fields": {"name": "Can add payment", "content_type": 12, "codename": "add_payment"}}, {"model": "auth.permission", "pk": 46, "fields": {"name": "Can change payment", "content_type": 12, "codename": "change_payment"}}, {"model": "auth.permission", "pk": 47, "fields": {"name": "Can delete payment", "content_type": 12, "codename": "delete_payment"}}, {"model": "auth.permission", "pk": 48, "fields": {"name": "Can view payment", "content_type": 12, "codename": "view_payment"}}, {"model": "auth.permission", "pk": 49, "fields": {"name": "Can add order product", "content_type": 13, "codename": "add_orderproduct"}}, {"model": "auth.permission", "pk": 50, "fields": {"name": "Can change order product", "content_type": 13, "codename": "change_orderproduct"}}, {"model": "auth.permission", "pk": 51, "fields": {"name": "Can delete order product", "content_type": 13, "codename": "delete_orderproduct"}}, {"model": "auth.permission", "pk": 52, "fields": {"name": "Can view order product", "content_type": 13, "codename": "view_orderproduct"}}, {"model": "auth.permission", "pk": 53, "fields": {"name": "Can add order", "content_type": 14, "codename": "add_order"}}, {"model": "auth.permission", "pk": 54, "fields": {"name": "Can change order", "content_type": 14, "codename": "change_order"}}, {"model": "auth.permission", "pk": 55, "fields": {"name": "Can delete order", "content_type": 14, "codename": "delete_order"}}, {"model": "auth.permission", "pk": 56, "fields": {"name": "Can view order", "content_type": 14, "codename": "view_order"}}, {"model": "auth.permission", "pk": 57, "fields": {"name": "Can add tax count", "content_type": 15, "codename": "add_taxcount"}}, {"model": "auth.permission", "pk": 58, "fields": {"name": "Can change tax count", "content_type": 15, "codename": "change_taxcount"}}, {"model": "auth.permission", "pk": 59, "fields": {"name": "Can delete tax count", "content_type": 15, "codename": "delete_taxcount"}}, {"model": "auth.permission", "pk": 60, "fields": {"name": "Can view tax count", "content_type": 15, "codename": "view_taxcount"}}, {"model": "auth.permission", "pk": 61, "fields": {"name": "Can add tax count", "content_type": 16, "codename": "add_taxcount"}}, {"model": "auth.permission", "pk": 62, "fields": {"name": "Can change tax count", "content_type": 16, "codename": "change_taxcount"}}, {"model": "auth.permission", "pk": 63, "fields": {"name": "Can delete tax count", "content_type": 16, "codename": "delete_taxcount"}}, {"model": "auth.permission", "pk": 64, "fields": {"name": "Can view tax count", "content_type": 16, "codename": "view_taxcount"}}, {"model": "auth.permission", "pk": 65, "fields": {"name": "Can add review rating", "content_type": 17, "codename": "add_reviewrating"}}, {"model": "auth.permission", "pk": 66, "fields": {"name": "Can change review rating", "content_type": 17, "codename": "change_reviewrating"}}, {"model": "auth.permission", "pk": 67, "fields": {"name": "Can delete review rating", "content_type": 17, "codename": "delete_reviewrating"}}, {"model": "auth.permission", "pk": 68, "fields": {"name": "Can view review rating", "content_type": 17, "codename": "view_reviewrating"}}, {"model": "auth.permission", "pk": 69, "fields": {"name": "Can add user profile", "content_type": 18, "codename": "add_userprofile"}}, {"model": "auth.permission", "pk": 70, "fields": {"name": "Can change user profile", "content_type": 18, "codename": "change_userprofile"}}, {"model": "auth.permission", "pk": 71, "fields": {"name": "Can delete user profile", "content_type": 18, "codename": "delete_userprofile"}}, {"model": "auth.permission", "pk": 72, "fields": {"name": "Can view user profile", "content_type": 18, "codename": "view_userprofile"}}, {"model": "auth.permission", "pk": 73, "fields": {"name": "Can add productgallery", "content_type": 19, "codename": "add_productgallery"}}, {"model": "auth.permission", "pk": 74, "fields": {"name": "Can change productgallery", "content_type": 19, "codename": "change_productgallery"}}, {"model": "auth.permission", "pk": 75, "fields": {"name": "Can delete productgallery", "content_type": 19, "codename": "delete_productgallery"}}, {"model": "auth.permission", "pk": 76, "fields": {"name": "Can view productgallery", "content_type": 19, "codename": "view_productgallery"}}, {"model": "auth.permission", "pk": 77, "fields": {"name": "Can add login attempt", "content_type": 20, "codename": "add_loginattempt"}}, {"model": "auth.permission", "pk": 78, "fields": {"name": "Can change login attempt", "content_type": 20, "codename": "change_loginattempt"}}, {"model": "auth.permission", "pk": 79, "fields": {"name": "Can delete login attempt", "content_type": 20, "codename": "delete_loginattempt"}}, {"model": "auth.permission", "pk": 80, "fields": {"name": "Can view login attempt", "content_type": 20, "codename": "view_loginattempt"}}, {"model": "contenttypes.contenttype", "pk": 1, "fields": {"app_label": "admin", "model": "logentry"}}, {"model": "contenttypes.contenttype", "pk": 2, "fields": {"app_label": "auth", "model": "permission"}}, {"model": "contenttypes.contenttype", "pk": 3, "fields": {"app_label": "auth", "model": "group"}}, {"model": "contenttypes.contenttype", "pk": 4, "fields": {"app_label": "contenttypes", "model": "contenttype"}}, {"model": "contenttypes.contenttype", "pk": 5, "fields": {"app_label": "sessions", "model": "session"}}, {"model": "contenttypes.contenttype", "pk": 6, "fields": {"app_label": "category", "model": "category"}}, {"model": "contenttypes.contenttype", "pk": 7, "fields": {"app_label": "accounts", "model": "account"}}, {"model": "contenttypes.contenttype", "pk": 8, "fields": {"app_label": "store", "model": "product"}}, {"model": "contenttypes.contenttype", "pk": 9, "fields": {"app_label": "cart", "model": "cart"}}, {"model": "contenttypes.contenttype", "pk": 10, "fields": {"app_label": "cart", "model": "cartitem"}}, {"model": "contenttypes.contenttype", "pk": 11, "fields": {"app_label": "store", "model": "variation"}}, {"model": "contenttypes.contenttype", "pk": 12, "fields": {"app_label": "orders", "model": "payment"}}, {"model": "contenttypes.contenttype", "pk": 13, "fields": {"app_label": "orders", "model": "orderproduct"}}, {"model": "contenttypes.contenttype", "pk": 14, "fields": {"app_label": "orders", "model": "order"}}, {"model": "contenttypes.contenttype", "pk": 15, "fields": {"app_label": "cart", "model": "taxcount"}}, {"model": "contenttypes.contenttype", "pk": 16, "fields": {"app_label": "store", "model": "taxcount"}}, {"model": "contenttypes.contenttype", "pk": 17, "fields": {"app_label": "store", "model": "reviewrating"}}, {"model": "contenttypes.contenttype", "pk": 18, "fields": {"app_label": "accounts", "model": "userprofile"}}, {"model": "contenttypes.contenttype", "pk": 19, "fields": {"app_label": "store", "model": "productgallery"}}, {"model": "contenttypes.contenttype", "pk": 20, "fields": {"app_label": "admin_honeypot", "model": "loginattempt"}}, {"model": "sessions.session", "pk": "3cwbkbtv18wdzund842zm5u0i134g1lb", "fields": {"session_data": ".eJxVjDsOwjAQRO_iGlmKP3hNSc8ZrF3vGgeQI8VJhbg7iZQCutG8N_NWCdelprXLnEZWFzWo029HmJ_SdsAPbPdJ56kt80h6V_RBu75NLK_r4f4dVOx1W7tCXuwg4CVLKM6cbYmE4GxAFDYBQiBEQAxxi95kCwzRkffgChf1-QL7iThe:1olt0L:kttJxRVzzeQaV9YflSgygdSyODTKnp4r0MhvvFWHp4A", "expire_date": "2022-11-04T14:28:09.829Z"}}, {"model": "sessions.session", "pk": "4tq9vyv0htjo8i95cvpmg156bj1c9w9p", "fields": {"session_data": "e30:1oWbOI:vMpnbn33GtrMhgdh_1XM0pZsuLhrUXBEY-jZ0nCW23c", "expire_date": "2022-09-23T10:37:42.749Z"}}, {"model": "sessions.session", "pk": "7v2h7f7bmf575rky614bkhdhc20vgk0a", "fields": {"session_data": "e30:1oo2zz:Y9AH6Q1DOQEmmM7ked9mWvYCivvkv78TCXsREp5NLZg", "expire_date": "2022-11-10T13:32:43.568Z"}}, {"model": "sessions.session", "pk": "b2k5hhdlnoff09it3mn0frl4s3kkd0nn", "fields": {"session_data": "e30:1oo54q:3z4uz2M4uC50nxgqwNnLaXAAVPKeNNuilXggbKQhTa8", "expire_date": "2022-11-10T15:45:52.965Z"}}, {"model": "sessions.session", "pk": "b316kesx4f51gzn77htf088150bgdlm3", "fields": {"session_data": ".eJxVjDsOwyAQRO9CHSGZT1hSps8Z0C4swUmEJWMqK3ePrbhxN3rzZlbRxyRuYgBxEQH7UkJvPIc_PDPC-Oa6F-mF9TnJONVlHknuijzaJh9T4s_9cE8HBVvZ1iaTZT0wWI7sslFXnT0hGO0QOSkHzhEiIDq_RauihgTekLVgcsri-wPMPjr3:1oWbhT:a4HAcmGljcr2YQGgJvgbwlA-i1Q3QJees9Ej2e5QxDs", "expire_date": "2022-09-23T10:57:31.278Z"}}, {"model": "sessions.session", "pk": "hstpmy9qo24hf2vqkezic24iympxjqa8", "fields": {"session_data": "e30:1oWbOE:d5RtX08-_X3crvxqicaj1wdfi7ClLQmZtOA7VNIokCg", "expire_date": "2022-09-23T10:37:38.669Z"}}, {"model": "sessions.session", "pk": "mey282uko2mm9r2dnif50qjlg5deo779", "fields": {"session_data": "e30:1oiECT:WTd4f_MjUlBtNMbZuoEFnbReVHSk4HI8VY4sY_zA-h0", "expire_date": "2022-10-25T12:17:33.432Z"}}, {"model": "sessions.session", "pk": "oizqfe9yf7lcilmsrbpux722afuhcyxp", "fields": {"session_data": "e30:1oWaim:Fv19CD7Z876Mwc0a5IStXfDSLQN4cB4pzXiPPgwRJg4", "expire_date": "2022-09-23T09:54:48.655Z"}}, {"model": "sessions.session", "pk": "okgkthz23lvplamtrsxf8qm4tv7bjdsd", "fields": {"session_data": "e30:1oVnye:D6dzKmbefaDpXbj69Y-pq7lZG4N4mcq5A8ixflJpus8", "expire_date": "2022-09-21T05:51:56.087Z"}}, {"model": "sessions.session", "pk": "qbbumaweowd8re3yfe4b0ttiwjgb6tf0", "fields": {"session_data": ".eJxVjDsOwjAQRO_iGlmKP3hNSc8ZrF3vGgeQI8VJhbg7iZQCutG8N_NWCdelprXLnEZWFzWo029HmJ_SdsAPbPdJ56kt80h6V_RBu75NLK_r4f4dVOx1W7tCXuwg4CVLKM6cbYmE4GxAFDYBQiBEQAxxi95kCwzRkffgChf1-QL7iThe:1omsuB:EsYsNPlhN3V57o0z4frMesbjwwkJko0hG9-EHYdNUzM", "expire_date": "2022-11-07T08:33:55.188Z"}}, {"model": "sessions.session", "pk": "s9rb5rls767vrco3a0jae5s31n8t6ni9", "fields": {"session_data": ".eJxVjDsOwjAQRO_iGlmKP3hNSc8ZrF3vGgeQI8VJhbg7iZQCutG8N_NWCdelprXLnEZWFzWo029HmJ_SdsAPbPdJ56kt80h6V_RBu75NLK_r4f4dVOx1W7tCXuwg4CVLKM6cbYmE4GxAFDYBQiBEQAxxi95kCwzRkffgChf1-QL7iThe:1ojJxz:IyhZZDW1tm5mNHJBGw74jLTRaFLPEB-YFpcN7iLX3r8", "expire_date": "2022-10-28T12:39:07.294Z"}}, {"model": "sessions.session", "pk": "t728xw7oz3tys5e78pz9eznpg97bly3i", "fields": {"session_data": "e30:1oYP42:nMKucfiQkJC3LQx4f89pi_wKiAJrGxPl39TOMPWGMkg", "expire_date": "2022-09-28T09:52:14.451Z"}}, {"model": "sessions.session", "pk": "tzr6f9itljm0khwef954t0ss1cwepzrc", "fields": {"session_data": ".eJxVjDsOwjAQBe_iGln4F68p6XMGa-1d4wBypDipEHeHSCmgfTPzXiLitta4dV7iROIiVBCn3zFhfnDbCd2x3WaZ57YuU5K7Ig_a5TgTP6-H-3dQsddvXaB4BZaDcSGwsQW9TTmAGXRiB4zaUSZUHspgC-ikNZ6tSZoJyEMQ7w8Njjgx:1oo2lA:Vm2xfgFAptYOO_07vYVY38o6eIKsjUBqnI-cWFMTDfU", "expire_date": "2022-11-10T13:17:24.259Z"}}, {"model": "category.category", "pk": 1, "fields": {"category_name": "Shirts", "slug": "shirts", "description": "This is a demo shirt", "cat_image": "photos/categories/shirts.jpg"}}, {"model": "category.category", "pk": 2, "fields": {"category_name": "T Shirt", "slug": "t-shirt", "description": "This is a t Shirt", "cat_image": "photos/categories/tshirts.jpg"}}, {"model": "category.category", "pk": 3, "fields": {"category_name": "Shoes", "slug": "shoes", "description": "This is shoe category", "cat_image": "photos/categories/shoes.png"}}, {"model": "category.category", "pk": 4, "fields": {"category_name": "Jeans", "slug": "jeans", "description": "This is jeans category", "cat_image": "photos/categories/jeans.jpg"}}, {"model": "category.category", "pk": 5, "fields": {"category_name": "Jackets", "slug": "jackets", "description": "This is jacket category", "cat_image": "photos/categories/jackets.jpg"}}, {"model": "accounts.account", "pk": 19, "fields": {"password": "pbkdf2_sha256$216000$238tKgXEmpA4$AMF92AwzvQl78w7zu3pINks86f4j0yeUYaK0MvkN9u8=", "first_name": "Hima", "last_name": "Kota", "username": "Hima", "email": "himabindhu182@gmail.com", "phone_number": "", "date_joined": "2022-10-27T10:46:17.045Z", "last_login": "2022-10-27T15:45:20.819Z", "is_admin": true, "is_staff": true, "is_active": true, "is_superadmin": true}}, {"model": "accounts.account", "pk": 23, "fields": {"password": "pbkdf2_sha256$216000$ViveOCf3efJe$l9Z6D9Ov2z9rtnERpVe4CpZBuiAiLaJvwQ84o8NSqeA=", "first_name": "kishore", "last_name": "kota", "username": "himabindujana1996", "email": "himabindujana1996@gmail.com", "phone_number": "9988776655", "date_joined": "2022-10-27T11:04:42.562Z", "last_login": "2022-10-27T13:16:22.956Z", "is_admin": false, "is_staff": false, "is_active": true, "is_superadmin": false}}, {"model": "accounts.userprofile", "pk": 1, "fields": {"user": 23, "address_line_1": "dcscds", "address_line_2": "wdcsdc", "profile_picture": "userprofile/585e4bc4cb11b227491c3395_adCpFDD.png", "city": "Bangalore", "state": "karnataka", "country": "India"}}, {"model": "store.product", "pk": 1, "fields": {"product_name": "ATX-Jeans", "slug": "atx-jeans", "description": "Lorem Ipsum is simply dummy text of the printing and typesetting industry. Lorem Ipsum has been the industry's standard dummy text ever since the 1500s", "price": 699, "images": "photos/products/ATX-Jeans.jpg", "stock": 89, "is_available": true, "category": 4, "created_date": "2022-09-02T06:03:51.103Z", "modified_date": "2022-10-27T13:02:53.831Z"}}, {"model": "store.product", "pk": 2, "fields": {"product_name": "RXN Blue Shirt", "slug": "rxn-blue-shirt", "description": "Lorem Ipsum is simply dummy text of the printing and typesetting industry. Lorem Ipsum has been the industry's standard dummy text ever since the 1500s", "price": 599, "images": "photos/products/Blue-Shirt.jpg", "stock": 45, "is_available": true, "category": 1, "created_date": "2022-09-02T06:04:26.003Z", "modified_date": "2022-10-27T11:08:20.180Z"}}, {"model": "store.product", "pk": 3, "fields": {"product_name": "Great Tshirt", "slug": "great-tshirt", "description": "Lorem Ipsum is simply dummy text of the printing and typesetting industry. Lorem Ipsum has been the industry's standard dummy text ever since the 1500s", "price": 399, "images": "photos/products/Great-Tshirt.jpg", "stock": 78, "is_available": true, "category": 2, "created_date": "2022-09-02T06:05:02.032Z", "modified_date": "2022-09-02T06:05:02.032Z"}}, {"model": "store.product", "pk": 4, "fields": {"product_name": "Jordan Flight Basketball Shoes", "slug": "jordan-flight-basketball-shoes", "description": "Lorem Ipsum is simply dummy text of the printing and typesetting industry. Lorem Ipsum has been the industry's standard dummy text ever since the 1500s", "price": 799, "images": "photos/products/jordan-true-flight-basketball-shoes.jpg", "stock": 45, "is_available": true, "category": 3, "created_date": "2022-09-02T06:06:16.972Z", "modified_date": "2022-10-27T14:28:52.099Z"}}, {"model": "store.product", "pk": 5, "fields": {"product_name": "Mavi Jeans", "slug": "mavi-jeans", "description": "Lorem Ipsum is simply dummy text of the printing and typesetting industry. Lorem Ipsum has been the industry's standard dummy text ever since the 1500s", "price": 500, "images": "photos/products/Mavi_jeans.jpg", "stock": 54, "is_available": true, "category": 4, "created_date": "2022-09-02T06:06:49.591Z", "modified_date": "2022-09-02T06:06:49.591Z"}}, {"model": "store.product", "pk": 6, "fields": {"product_name": "Puma Ferrari Jeans", "slug": "puma-ferrari-jeans", "description": "Lorem Ipsum is simply dummy text of the printing and typesetting industry. Lorem Ipsum has been the industry's standard dummy text ever since the 1500s", "price": 100, "images": "photos/products/Puma-Ferrari-Shoes.jpg", "stock": 34, "is_available": true, "category": 3, "created_date": "2022-09-02T06:07:19.751Z", "modified_date": "2022-09-02T06:07:19.751Z"}}, {"model": "store.product", "pk": 7, "fields": {"product_name": "Us polo Assn Jacket", "slug": "us-polo-assn-jacket", "description": "Lorem Ipsum is simply dummy text of the printing and typesetting industry. Lorem Ipsum has been the industry's standard dummy text ever since the 1500s", "price": 899, "images": "photos/products/US-Polo-Assn_Jacket.jpg", "stock": 45, "is_available": true, "category": 5, "created_date": "2022-09-02T06:07:47.941Z", "modified_date": "2022-09-02T06:07:47.941Z"}}, {"model": "store.variation", "pk": 1, "fields": {"product": 1, "variation_category": "color", "variation_value": "Blue", "is_active": true, "created_date": "2022-09-06T12:31:08.825Z"}}, {"model": "store.variation", "pk": 2, "fields": {"product": 1, "variation_category": "color", "variation_value": "White", "is_active": true, "created_date": "2022-09-06T12:24:11.673Z"}}, {"model": "store.variation", "pk": 3, "fields": {"product": 1, "variation_category": "color", "variation_value": "Yellow", "is_active": true, "created_date": "2022-09-06T12:24:20.128Z"}}, {"model": "store.variation", "pk": 4, "fields": {"product": 1, "variation_category": "size", "variation_value": "Small", "is_active": true, "created_date": "2022-09-06T12:39:57.076Z"}}, {"model": "store.variation", "pk": 5, "fields": {"product": 1, "variation_category": "size", "variation_value": "Medium", "is_active": true, "created_date": "2022-09-06T12:40:05.473Z"}}, {"model": "store.variation", "pk": 6, "fields": {"product": 1, "variation_category": "size", "variation_value": "Large", "is_active": true, "created_date": "2022-09-06T12:40:12.951Z"}}, {"model": "store.variation", "pk": 7, "fields": {"product": 2, "variation_category": "size", "variation_value": "40", "is_active": true, "created_date": "2022-09-06T12:40:40.954Z"}}, {"model": "store.variation", "pk": 8, "fields": {"product": 2, "variation_category": "color", "variation_value": "Red", "is_active": true, "created_date": "2022-09-06T12:41:20.631Z"}}, {"model": "store.variation", "pk": 9, "fields": {"product": 2, "variation_category": "size", "variation_value": "42", "is_active": true, "created_date": "2022-10-18T14:30:23.973Z"}}, {"model": "store.taxcount", "pk": 1, "fields": {"tax_percentage": 1}}, {"model": "store.reviewrating", "pk": 3, "fields": {"product": 1, "user": 19, "review": "", "rating": 3.5, "ip": "127.0.0.1", "status": true, "created_at": "2022-10-27T14:24:20.478Z", "updated_at": "2022-10-27T14:24:20.479Z"}}, {"model": "store.productgallery", "pk": 4, "fields": {"product": 1, "image": "store/products/download_2_YOYYz02.jpg"}}, {"model": "store.productgallery", "pk": 5, "fields": {"product": 1, "image": "store/products/download_3_6zbCCXf.jpg"}}, {"model": "store.productgallery", "pk": 6, "fields": {"product": 1, "image": "store/products/download_4_okEDH3W.jpg"}}, {"model": "store.productgallery", "pk": 7, "fields": {"product": 1, "image": "store/products/download_5.jpg"}}, {"model": "store.productgallery", "pk": 8, "fields": {"product": 1, "image": "store/products/download_6.jpg"}}, {"model": "cart.cart", "pk": 18, "fields": {"cart_id": "1d0xfzi3lc6ni8apguxa33fo7w6i3wug", "date_added": "2022-10-27"}}, {"model": "orders.payment", "pk": 7, "fields": {"user": 23, "payment_id": "0NU31585NA006461F", "payment_method": "PayPal", "amount_paid": "1310.98", "status": "COMPLETED", "created_at": "2022-10-27T11:08:19.981Z"}}, {"model": "orders.payment", "pk": 8, "fields": {"user": 23, "payment_id": "5FA94304MJ5724347", "payment_method": "PayPal", "amount_paid": "705.99", "status": "COMPLETED", "created_at": "2022-10-27T11:55:37.089Z"}}, {"model": "orders.payment", "pk": 9, "fields": {"user": 19, "payment_id": "6C03642013512702Y", "payment_method": "PayPal", "amount_paid": "705.99", "status": "COMPLETED", "created_at": "2022-10-27T13:02:53.767Z"}}, {"model": "orders.order", "pk": 31, "fields": {"user": 23, "payment": 7, "order_number": "2022102731", "first_name": "kishore", "last_name": "kota", "phone": "7032677838", "email": "himabindujana1996@gmail.com", "address_line_1": "dcscds", "address_line_2": "wdcsdc", "landmark": "sdxsc", "country": "India", "state": "karnataka", "city": "Bangalore", "pincode": "533253", "order_note": "", "order_total": 1310.98, "tax": 12.98, "status": "New", "ip": "127.0.0.1", "is_ordered": true, "created_at": "2022-10-27T11:07:51.185Z", "updated_at": "2022-10-27T11:08:19.998Z"}}, {"model": "orders.order", "pk": 32, "fields": {"user": 23, "payment": 8, "order_number": "2022102732", "first_name": "kishore", "last_name": "kota", "phone": "9959494925", "email": "himabindujana1996@gmail.com", "address_line_1": "dcscds", "address_line_2": "wdcsdc", "landmark": "sdxsc", "country": "India", "state": "karnataka", "city": "Bangalore", "pincode": "533253", "order_note": "", "order_total": 705.99, "tax": 6.99, "status": "New", "ip": "127.0.0.1", "is_ordered": true, "created_at": "2022-10-27T11:55:17.895Z", "updated_at": "2022-10-27T11:55:37.105Z"}}, {"model": "orders.order", "pk": 33, "fields": {"user": 19, "payment": 9, "order_number": "2022102733", "first_name": "hima", "last_name": "kota", "phone": "1312435556", "email": "himabindhu182@gmail.com", "address_line_1": "dcscds", "address_line_2": "wdcsdc", "landmark": "sdxsc", "country": "India", "state": "karnataka", "city": "Bangalore", "pincode": "533253", "order_note": "test", "order_total": 705.99, "tax": 6.99, "status": "New", "ip": "127.0.0.1", "is_ordered": true, "created_at": "2022-10-27T13:02:32.728Z", "updated_at": "2022-10-27T13:02:53.784Z"}}, {"model": "orders.orderproduct", "pk": 9, "fields": {"order": 31, "payment": 7, "user": 23, "product": 1, "quantity": 1, "product_price": 699.0, "ordered": true, "created_at": "2022-10-27T11:08:20.030Z", "updated_at": "2022-10-27T11:08:20.078Z", "variations": [1, 4]}}, {"model": "orders.orderproduct", "pk": 10, "fields": {"order": 31, "payment": 7, "user": 23, "product": 2, "quantity": 1, "product_price": 599.0, "ordered": true, "created_at": "2022-10-27T11:08:20.110Z", "updated_at": "2022-10-27T11:08:20.149Z", "variations": [8, 9]}}, {"model": "orders.orderproduct", "pk": 11, "fields": {"order": 32, "payment": 8, "user": 23, "product": 1, "quantity": 1, "product_price": 699.0, "ordered": true, "created_at": "2022-10-27T11:55:37.127Z", "updated_at": "2022-10-27T11:55:37.156Z", "variations": [2, 5]}}, {"model": "orders.orderproduct", "pk": 12, "fields": {"order": 33, "payment": 9, "user": 19, "product": 1, "quantity": 1, "product_price": 699.0, "ordered": true, "created_at": "2022-10-27T13:02:53.800Z", "updated_at": "2022-10-27T13:02:53.820Z", "variations": [1, 6]}}, {"model": "admin_honeypot.loginattempt", "pk": 1, "fields": {"username": "himabindhu182@gmail.com", "ip_address": "127.0.0.1", "session_key": "m8ptz1o7dhnc943k4m3i7p2tt1ego696", "user_agent": "Mozilla/5.0 (Windows NT 10.0; Win64; x64) AppleWebKit/537.36 (KHTML, like Gecko) Chrome/106.0.0.0 Safari/537.36", "timestamp": "2022-10-27T15:29:16.104Z", "path": "/admin/login/?next=/admin/"}}, {"model": "admin_honeypot.loginattempt", "pk": 2, "fields": {"username": "himabindhu182@gmail.com", "ip_address": "127.0.0.1", "session_key": "m8ptz1o7dhnc943k4m3i7p2tt1ego696", "user_agent": "Mozilla/5.0 (Windows NT 10.0; Win64; x64) AppleWebKit/537.36 (KHTML, like Gecko) Chrome/106.0.0.0 Safari/537.36", "timestamp": "2022-10-27T15:29:22.859Z", "path": "/admin/login/?next=/admin/"}}, {"model": "admin_honeypot.loginattempt", "pk": 3, "fields": {"username": "himabindhu182@gmail.com", "ip_address": "127.0.0.1", "session_key": "m8ptz1o7dhnc943k4m3i7p2tt1ego696", "user_agent": "Mozilla/5.0 (Windows NT 10.0; Win64; x64) AppleWebKit/537.36 (KHTML, like Gecko) Chrome/106.0.0.0 Safari/537.36", "timestamp": "2022-10-27T15:29:23.972Z", "path": "/admin/login/?next=/admin/"}}]